P_id,P_name,P_address,P_country,P_age
2001,Atharva Chowdhury,Bangalore,India,31
2002,Akshay Joshi,Bangalore,India,26
2003,Atharva Bakshi,Pune,India,17
2004,Reyansh Ahuja,Pune,India,30
2005,Sai Bakshi,Nagpur,India,44
2006,Shaurya Agarwal,Pune,India,35
2007,Shaurya Khatri,Hyderabad,India,22
2008,Vihaan Khatri,Nagpur,India,31
2009,Atharva Ahuja,Thane,India,17
2010,Ishaan Agarwal,Nagpur,India,38
2011,Aditya Chowdhury,Delhi,India,15
2012,Reyansh Joshi,Bangalore,India,26
2013,Abhay  Banerjee,Nagpur,India,17
2014,Manish Deshpande,Hyderabad,India,16
2015,Ishaan Chawla,Mumbai,India,25
2016,Vihaan Khatri,Pune,India,45
2017,Rahul Khatri,Hyderabad,India,38
2018,Aarav Agarwal,Nashik,India,34
2019,Rohit Chawla,Surat,India,44
2020,Atharva Ahuja,Hyderabad,India,22
2021,Akshay Agarwal,Thane,India,19
2022,Arjun Acharya,Mumbai,India,38
2023,Reyansh Bakshi,Pune,India,45
2024,Aditya Apte,Bangalore,India,35
2025,Dhruv Chowdhury,Delhi,India,50
2026,Manish Agarwal,Mumbai,India,34
2027,Arjun Apte,Surat,India,37
2028,Aarav Acharya,Surat,India,17
2029,Rahul Apte,Surat,India,42
2030,Sai Bakshi,Surat,India,32
2031,Reyansh Acharya,Nashik,India,32
2032,Atharva Chawla,Hyderabad,India,48
2033,Atharva Deshpande,Surat,India,31
2034,Ayaan Agarwal,Mumbai,India,42
2035,Abhay Agarwal,Thane,India,30
2036,Arjun Joshi,Hyderabad,India,39
2037,Rahul Ahuja,Bangalore,India,26
2038,Ayaan  Banerjee,Bangalore,India,21
2039,Atharva Agarwal,Hyderabad,India,31
2040,Abhay Khatri,Surat,India,20
2041,Atharva Ahuja,Mumbai,India,48
2042,Ishaan Chowdhury,Delhi,India,15
2043,Vihaan Chowdhury,Thane,India,21
2044,Atharva Chawla,Surat,India,18
2045,Rahul Iyer,Surat,India,32
2046,Rohit Khatri,Bangalore,India,45
2047,Aarav Acharya,Pune,India,15
2048,Vihaan Chawla,Nagpur,India,26
2049,Arjun  Banerjee,Mumbai,India,34
2050,Reyansh Ahuja,Pune,India,19
2051,Vihaan  Banerjee,Mumbai,India,23
2052,Ishaan Chawla,Hyderabad,India,26
2053,Akshay Chawla,Mumbai,India,17
2054,Ayaan Joshi,Thane,India,40
2055,Ishaan Deshpande,Delhi,India,48
2056,Atharva Patel,Surat,India,36
2057,Dhruv Acharya,Nagpur,India,33
2058,Shaurya Patel,Mumbai,India,48
2059,Shaurya Joshi,Delhi,India,47
2060,Atharva  Banerjee,Hyderabad,India,33
2061,Aarav Iyer,Nashik,India,30
2062,Aditya Acharya,Bangalore,India,19
2063,Sai Iyer,Nagpur,India,16
2064,Sai Khatri,Surat,India,40
2065,Shaurya Chowdhury,Nagpur,India,20
2066,Atharva Joshi,Nashik,India,23
2067,Akshay Acharya,Mumbai,India,49
2068,Sai Patel,Thane,India,19
2069,Dhruv Acharya,Mumbai,India,46
2070,Reyansh Chowdhury,Surat,India,26
2071,Vivaan  Banerjee,Nashik,India,24
2072,Rohit Ahuja,Hyderabad,India,44
2073,Arjun Ahuja,Thane,India,15
2074,Aditya Chawla,Thane,India,44
2075,Vivaan  Banerjee,Delhi,India,28
2076,Arjun Joshi,Hyderabad,India,36
2077,Rahul Ahuja,Nagpur,India,35
2078,Aarav Apte,Surat,India,44
2079,Arjun Bakshi,Nagpur,India,27
2080,Vihaan Bakshi,Bangalore,India,28
2081,Akshay Bakshi,Pune,India,20
2082,Arjun Iyer,Hyderabad,India,36
2083,Akshay Iyer,Pune,India,46
2084,Atharva Patel,Mumbai,India,16
2085,Aarav Khatri,Delhi,India,16
2086,Ishaan Bakshi,Nashik,India,23
2087,Dhruv Apte,Pune,India,29
2088,Dhruv Apte,Surat,India,33
2089,Vivaan Ahuja,Mumbai,India,50
2090,Rahul Joshi,Surat,India,19
2091,Vivaan Chawla,Surat,India,30
2092,Abhay Acharya,Thane,India,36
2093,Rahul Deshpande,Bangalore,India,30
2094,Sai Apte,Nagpur,India,24
2095,Rohit Agarwal,Delhi,India,38
2096,Vihaan Acharya,Hyderabad,India,23
2097,Arjun Acharya,Mumbai,India,28
2098,Rahul Bakshi,Hyderabad,India,40
2099,Dhruv Deshpande,Hyderabad,India,44
2100,Ishaan Bakshi,Nashik,India,17
2101,Ayaan Chowdhury,Nashik,India,21
2102,Reyansh  Banerjee,Delhi,India,37
2103,Aarav Deshpande,Nashik,India,24
2104,Rahul Apte,Surat,India,47
2105,Akshay Joshi,Surat,India,20
2106,Vihaan Apte,Bangalore,India,46
2107,Aditya Apte,Hyderabad,India,26
2108,Reyansh Chowdhury,Surat,India,46
2109,Atharva Chowdhury,Delhi,India,35
2110,Sai Acharya,Pune,India,48
2111,Manish Patel,Delhi,India,39
2112,Sai Apte,Nagpur,India,43
2113,Vihaan Patel,Delhi,India,42
2114,Ishaan Chawla,Pune,India,22
2115,Manish Bakshi,Hyderabad,India,30
2116,Rohit Joshi,Delhi,India,20
2117,Atharva Iyer,Thane,India,38
2118,Rahul Chowdhury,Mumbai,India,28
2119,Aditya Chawla,Hyderabad,India,48
2120,Rohit Agarwal,Surat,India,28
2121,Ayaan Apte,Thane,India,28
2122,Abhay Ahuja,Surat,India,25
2123,Shaurya Iyer,Mumbai,India,40
2124,Dhruv Khatri,Pune,India,22
2125,Vihaan Acharya,Mumbai,India,34
2126,Akshay Khatri,Delhi,India,50
2127,Reyansh  Banerjee,Nagpur,India,17
2128,Reyansh Apte,Nashik,India,35
2129,Atharva Khatri,Delhi,India,23
2130,Aditya  Banerjee,Thane,India,40
2131,Arjun Chawla,Pune,India,40
2132,Rohit Chawla,Bangalore,India,47
2133,Shaurya Iyer,Nagpur,India,24
2134,Aarav Patel,Surat,India,37
2135,Sai Apte,Bangalore,India,26
2136,Rohit Deshpande,Surat,India,21
2137,Akshay Chowdhury,Surat,India,33
2138,Ishaan  Banerjee,Bangalore,India,22
2139,Arjun  Banerjee,Surat,India,22
2140,Rohit Bakshi,Pune,India,25
2141,Atharva Agarwal,Nagpur,India,45
2142,Dhruv Apte,Nagpur,India,35
2143,Akshay Joshi,Mumbai,India,15
2144,Sai Deshpande,Surat,India,35
2145,Dhruv Agarwal,Delhi,India,36
2146,Aarav Deshpande,Hyderabad,India,46
2147,Atharva  Banerjee,Surat,India,50
2148,Rahul Chawla,Nagpur,India,33
2149,Akshay Khatri,Nagpur,India,32
2150,Aarav Bakshi,Thane,India,34
2151,Atharva Khatri,Bangalore,India,16
2152,Rahul Agarwal,Bangalore,India,38
2153,Rahul Apte,Mumbai,India,49
2154,Akshay Ahuja,Surat,India,45
2155,Aditya Acharya,Nagpur,India,40
2156,Akshay Agarwal,Bangalore,India,22
2157,Akshay Chawla,Mumbai,India,30
2158,Vihaan Deshpande,Delhi,India,41
2159,Aditya Patel,Delhi,India,17
2160,Aarav Bakshi,Bangalore,India,46
2161,Reyansh Khatri,Nagpur,India,38
2162,Vivaan Chowdhury,Nagpur,India,16
2163,Reyansh Bakshi,Nashik,India,24
2164,Akshay Deshpande,Nagpur,India,46
2165,Vivaan Bakshi,Nashik,India,30
2166,Manish Apte,Nashik,India,48
2167,Aarav Patel,Nagpur,India,33
2168,Vivaan Chowdhury,Hyderabad,India,42
2169,Arjun Chawla,Nashik,India,50
2170,Ishaan Chawla,Pune,India,17
2171,Abhay Ahuja,Thane,India,22
2172,Sai Ahuja,Delhi,India,50
2173,Shaurya Chowdhury,Mumbai,India,48
2174,Vihaan Apte,Thane,India,37
2175,Vihaan Deshpande,Pune,India,27
2176,Rohit Deshpande,Thane,India,41
2177,Dhruv Chawla,Bangalore,India,49
2178,Vivaan Chowdhury,Nashik,India,28
2179,Reyansh Bakshi,Thane,India,48
2180,Ayaan Deshpande,Nagpur,India,34
2181,Atharva Agarwal,Mumbai,India,28
2182,Vihaan Bakshi,Surat,India,44
2183,Manish Khatri,Mumbai,India,29
2184,Vihaan Apte,Hyderabad,India,33
2185,Rahul Joshi,Delhi,India,43
2186,Akshay Chawla,Delhi,India,35
2187,Sai Acharya,Thane,India,16
2188,Rohit Iyer,Nagpur,India,24
2189,Aditya Agarwal,Delhi,India,33
2190,Dhruv  Banerjee,Nagpur,India,31
2191,Vihaan Iyer,Pune,India,18
2192,Rohit Chowdhury,Surat,India,18
2193,Rahul Apte,Mumbai,India,26
2194,Abhay Agarwal,Delhi,India,18
2195,Abhay Deshpande,Delhi,India,18
2196,Aditya Apte,Hyderabad,India,45
2197,Arjun Iyer,Pune,India,18
2198,Akshay Joshi,Nagpur,India,36
2199,Vivaan  Banerjee,Thane,India,33
2200,Reyansh Chowdhury,Hyderabad,India,19
2201,Arjun Bakshi,Bangalore,India,30
2202,Sai Apte,Bangalore,India,23
2203,Sai Khatri,Nagpur,India,32
2204,Manish Acharya,Surat,India,22
2205,Shaurya Khatri,Bangalore,India,20
2206,Dhruv Chowdhury,Nashik,India,50
2207,Aarav Khatri,Pune,India,43
2208,Reyansh Chowdhury,Hyderabad,India,19
2209,Aditya Acharya,Thane,India,49
2210,Shaurya Bakshi,Surat,India,38
2211,Rohit Chowdhury,Hyderabad,India,47
2212,Akshay Deshpande,Surat,India,21
2213,Rahul Ahuja,Pune,India,38
2214,Arjun Iyer,Bangalore,India,37
2215,Akshay Chowdhury,Bangalore,India,19
2216,Ayaan Acharya,Nagpur,India,28
2217,Sai Iyer,Hyderabad,India,44
2218,Rahul Patel,Nashik,India,49
2219,Atharva Chowdhury,Thane,India,36
2220,Rahul Iyer,Hyderabad,India,38
2221,Manish Deshpande,Pune,India,45
2222,Abhay Bakshi,Surat,India,26
2223,Akshay Joshi,Pune,India,22
2224,Vihaan Agarwal,Nagpur,India,30
2225,Ishaan Apte,Nashik,India,36
2226,Ayaan Khatri,Nagpur,India,35
2227,Abhay  Banerjee,Mumbai,India,34
2228,Vivaan Ahuja,Nagpur,India,32
2229,Ishaan Acharya,Mumbai,India,48
2230,Ishaan Khatri,Bangalore,India,30
2231,Abhay Deshpande,Nagpur,India,34
2232,Manish Joshi,Hyderabad,India,26
2233,Sai Bakshi,Thane,India,20
2234,Dhruv Joshi,Nashik,India,18
2235,Ishaan Patel,Delhi,India,43
2236,Abhay Iyer,Pune,India,41
2237,Akshay Deshpande,Mumbai,India,25
2238,Aditya Bakshi,Bangalore,India,21
2239,Rohit Apte,Nashik,India,19
2240,Sai Deshpande,Pune,India,26
2241,Manish Joshi,Nashik,India,32
2242,Dhruv Chawla,Thane,India,20
2243,Manish Chowdhury,Nagpur,India,22
2244,Manish Deshpande,Delhi,India,50
2245,Aditya Chowdhury,Nashik,India,38
2246,Ishaan Khatri,Thane,India,33
2247,Dhruv Chowdhury,Hyderabad,India,34
2248,Ayaan Bakshi,Bangalore,India,39
2249,Reyansh Acharya,Pune,India,44
2250,Dhruv Chowdhury,Mumbai,India,50
2251,Dhruv Chawla,Thane,India,30
2252,Akshay Chowdhury,Nashik,India,45
2253,Dhruv Apte,Delhi,India,49
2254,Atharva Acharya,Hyderabad,India,38
2255,Abhay Patel,Thane,India,29
2256,Akshay Khatri,Bangalore,India,41
2257,Rohit Bakshi,Nagpur,India,25
2258,Ayaan Patel,Mumbai,India,46
2259,Shaurya Chowdhury,Pune,India,50
2260,Atharva  Banerjee,Hyderabad,India,24
2261,Rohit Agarwal,Nashik,India,26
2262,Manish Iyer,Nashik,India,49
2263,Aarav  Banerjee,Thane,India,20
2264,Rahul Bakshi,Surat,India,24
2265,Atharva Ahuja,Bangalore,India,38
2266,Aarav Apte,Nashik,India,50
2267,Dhruv Iyer,Nashik,India,18
2268,Reyansh Ahuja,Thane,India,36
2269,Ishaan  Banerjee,Nashik,India,35
2270,Vivaan Khatri,Pune,India,49
2271,Shaurya Apte,Delhi,India,48
2272,Ishaan Deshpande,Nashik,India,41
2273,Sai Agarwal,Pune,India,28
2274,Rahul Apte,Hyderabad,India,43
2275,Arjun Bakshi,Surat,India,46
2276,Ayaan  Banerjee,Hyderabad,India,28
2277,Ishaan Patel,Mumbai,India,34
2278,Akshay Chowdhury,Bangalore,India,28
2279,Rahul Bakshi,Delhi,India,32
2280,Manish  Banerjee,Hyderabad,India,28
2281,Ayaan Patel,Hyderabad,India,19
2282,Ayaan Deshpande,Hyderabad,India,47
2283,Vivaan Chowdhury,Nashik,India,26
2284,Arjun Ahuja,Hyderabad,India,15
2285,Ayaan Joshi,Bangalore,India,45
2286,Akshay Acharya,Hyderabad,India,42
2287,Dhruv Chawla,Mumbai,India,38
2288,Reyansh Acharya,Pune,India,27
2289,Akshay Acharya,Surat,India,33
2290,Ishaan Joshi,Pune,India,21
2291,Dhruv Joshi,Delhi,India,35
2292,Akshay Iyer,Surat,India,41
2293,Rohit Patel,Hyderabad,India,47
2294,Arjun Deshpande,Pune,India,39
2295,Rohit Deshpande,Bangalore,India,20
2296,Arjun Deshpande,Bangalore,India,25
2297,Shaurya Apte,Surat,India,25
2298,Shaurya Khatri,Nagpur,India,17
2299,Abhay Deshpande,Delhi,India,21
2300,Vivaan Chowdhury,Nagpur,India,39
2301,Atharva Joshi,Pune,India,17
2302,Aditya Deshpande,Bangalore,India,44
2303,Aarav Patel,Surat,India,50
2304,Ishaan Iyer,Mumbai,India,25
2305,Akshay Chawla,Nagpur,India,25
2306,Dhruv Ahuja,Thane,India,45
2307,Dhruv Chawla,Surat,India,30
2308,Atharva Chawla,Nashik,India,46
2309,Aarav Acharya,Pune,India,28
2310,Shaurya Apte,Hyderabad,India,42
2311,Aditya Acharya,Nashik,India,45
2312,Abhay Ahuja,Thane,India,17
2313,Aarav Ahuja,Bangalore,India,22
2314,Manish Apte,Thane,India,44
2315,Dhruv Ahuja,Thane,India,33
2316,Arjun Acharya,Hyderabad,India,35
2317,Sai Iyer,Surat,India,27
2318,Atharva Khatri,Bangalore,India,44
2319,Ayaan  Banerjee,Hyderabad,India,31
2320,Vivaan Apte,Nagpur,India,41
2321,Aarav Iyer,Pune,India,28
2322,Ayaan  Banerjee,Nagpur,India,16
2323,Vihaan Khatri,Thane,India,44
2324,Shaurya  Banerjee,Nagpur,India,46
2325,Rahul Iyer,Nagpur,India,31
2326,Dhruv Iyer,Hyderabad,India,15
2327,Ishaan Chowdhury,Mumbai,India,24
2328,Atharva Bakshi,Bangalore,India,23
2329,Aarav Iyer,Nagpur,India,32
2330,Vihaan Iyer,Nashik,India,50
2331,Reyansh Chowdhury,Surat,India,31
2332,Atharva Chowdhury,Hyderabad,India,21
2333,Arjun Bakshi,Bangalore,India,50
2334,Atharva Ahuja,Delhi,India,23
2335,Rohit  Banerjee,Delhi,India,48
2336,Ishaan Deshpande,Thane,India,19
2337,Vihaan Patel,Pune,India,41
2338,Vihaan Agarwal,Hyderabad,India,21
2339,Shaurya Iyer,Delhi,India,27
2340,Aditya Acharya,Nagpur,India,48
2341,Rahul Bakshi,Pune,India,36
2342,Reyansh Iyer,Nashik,India,50
2343,Sai Agarwal,Mumbai,India,18
2344,Dhruv Deshpande,Pune,India,44
2345,Sai Joshi,Nashik,India,39
2346,Aarav Chowdhury,Hyderabad,India,27
2347,Aditya Chawla,Nagpur,India,37
2348,Manish Agarwal,Delhi,India,24
2349,Vivaan Acharya,Hyderabad,India,24
2350,Dhruv Apte,Bangalore,India,26
2351,Arjun Ahuja,Hyderabad,India,15
2352,Rahul Patel,Hyderabad,India,42
2353,Dhruv Apte,Bangalore,India,32
2354,Reyansh  Banerjee,Delhi,India,35
2355,Ayaan Chawla,Nashik,India,23
2356,Manish Iyer,Surat,India,29
2357,Abhay Chawla,Surat,India,46
2358,Ayaan Bakshi,Delhi,India,18
2359,Manish Deshpande,Thane,India,39
2360,Rahul Khatri,Pune,India,44
2361,Shaurya Deshpande,Delhi,India,44
2362,Manish Chowdhury,Pune,India,15
2363,Abhay Khatri,Nagpur,India,16
2364,Vivaan Iyer,Nashik,India,30
2365,Reyansh Iyer,Nagpur,India,32
2366,Manish Chowdhury,Nagpur,India,44
2367,Ishaan Iyer,Pune,India,23
2368,Rahul Chowdhury,Hyderabad,India,43
2369,Ishaan  Banerjee,Pune,India,50
2370,Vivaan Apte,Surat,India,22
2371,Dhruv  Banerjee,Mumbai,India,44
2372,Reyansh Acharya,Surat,India,17
2373,Abhay Agarwal,Nagpur,India,45
2374,Dhruv Chowdhury,Thane,India,43
2375,Vivaan Bakshi,Nagpur,India,28
2376,Ayaan Ahuja,Thane,India,30
2377,Aditya Joshi,Thane,India,22
2378,Sai Apte,Pune,India,16
2379,Dhruv  Banerjee,Pune,India,37
2380,Dhruv Khatri,Hyderabad,India,47
2381,Rohit Deshpande,Nagpur,India,17
2382,Shaurya Acharya,Mumbai,India,20
2383,Rohit Agarwal,Delhi,India,15
2384,Rohit Khatri,Nashik,India,40
2385,Reyansh  Banerjee,Nashik,India,32
2386,Rahul Chowdhury,Bangalore,India,49
2387,Rahul Agarwal,Hyderabad,India,42
2388,Ishaan Chawla,Pune,India,37
2389,Sai Chowdhury,Surat,India,44
2390,Abhay Acharya,Mumbai,India,39
2391,Atharva Chowdhury,Delhi,India,45
2392,Dhruv Chawla,Thane,India,29
2393,Ayaan Apte,Nagpur,India,25
2394,Abhay  Banerjee,Thane,India,28
2395,Vivaan Patel,Nagpur,India,17
2396,Vivaan Bakshi,Thane,India,36
2397,Rohit Deshpande,Delhi,India,20
2398,Arjun Agarwal,Nagpur,India,36
2399,Vihaan Deshpande,Thane,India,48
2400,Rohit Patel,Delhi,India,19
2401,Dhruv  Banerjee,Delhi,India,27
2402,Shaurya Chowdhury,Pune,India,15
2403,Abhay Ahuja,Pune,India,41
2404,Rohit Khatri,Nagpur,India,40
2405,Sai Patel,Pune,India,17
2406,Atharva Chowdhury,Hyderabad,India,16
2407,Abhay Chawla,Pune,India,37
2408,Rohit Deshpande,Delhi,India,33
2409,Aditya Iyer,Nagpur,India,40
2410,Arjun Bakshi,Bangalore,India,42
2411,Vivaan  Banerjee,Nagpur,India,15
2412,Dhruv Chawla,Bangalore,India,49
2413,Arjun Ahuja,Pune,India,26
2414,Dhruv Khatri,Nashik,India,44
2415,Shaurya Deshpande,Bangalore,India,18
2416,Akshay Apte,Nagpur,India,21
2417,Sai Iyer,Hyderabad,India,31
2418,Arjun Acharya,Nagpur,India,49
2419,Arjun Patel,Nagpur,India,50
2420,Atharva Deshpande,Delhi,India,26
2421,Ayaan Deshpande,Bangalore,India,18
2422,Vivaan Chowdhury,Delhi,India,32
2423,Shaurya Iyer,Bangalore,India,23
2424,Rohit Ahuja,Hyderabad,India,28
2425,Rohit Ahuja,Mumbai,India,47
2426,Shaurya Joshi,Hyderabad,India,41
2427,Rohit Ahuja,Hyderabad,India,36
2428,Sai Chowdhury,Hyderabad,India,36
2429,Vihaan Acharya,Delhi,India,29
2430,Dhruv Chowdhury,Delhi,India,25
2431,Vivaan Acharya,Delhi,India,17
2432,Rohit Agarwal,Pune,India,25
2433,Atharva  Banerjee,Delhi,India,23
2434,Rahul Joshi,Surat,India,29
2435,Rohit Joshi,Pune,India,42
2436,Manish Agarwal,Nagpur,India,34
2437,Reyansh Khatri,Bangalore,India,41
2438,Rohit Acharya,Mumbai,India,29
2439,Ishaan Acharya,Mumbai,India,19
2440,Dhruv Deshpande,Delhi,India,23
2441,Rohit  Banerjee,Bangalore,India,46
2442,Rahul Apte,Nashik,India,15
2443,Ishaan Chowdhury,Mumbai,India,45
2444,Atharva Iyer,Hyderabad,India,24
2445,Sai Apte,Mumbai,India,45
2446,Shaurya Chowdhury,Nagpur,India,44
2447,Abhay Ahuja,Mumbai,India,23
2448,Aarav Apte,Delhi,India,45
2449,Sai Joshi,Hyderabad,India,28
2450,Shaurya Chawla,Mumbai,India,45
2451,Rohit Agarwal,Thane,India,47
2452,Ayaan  Banerjee,Pune,India,34
2453,Reyansh Iyer,Nagpur,India,38
2454,Ishaan Deshpande,Bangalore,India,45
2455,Shaurya Iyer,Bangalore,India,44
2456,Ishaan Iyer,Pune,India,29
2457,Rohit Chawla,Bangalore,India,26
2458,Shaurya Chawla,Nagpur,India,48
2459,Akshay Deshpande,Thane,India,31
2460,Vihaan Iyer,Pune,India,23
2461,Ayaan Agarwal,Bangalore,India,45
2462,Aarav Acharya,Hyderabad,India,37
2463,Manish Acharya,Thane,India,40
2464,Akshay  Banerjee,Bangalore,India,48
2465,Rahul Bakshi,Nagpur,India,47
2466,Rahul Patel,Nagpur,India,26
2467,Reyansh Agarwal,Mumbai,India,41
2468,Ayaan Agarwal,Thane,India,38
2469,Sai Chawla,Bangalore,India,31
2470,Sai Chawla,Pune,India,25
2471,Rohit Joshi,Thane,India,43
2472,Abhay Apte,Nagpur,India,21
2473,Atharva Apte,Surat,India,49
2474,Ishaan Joshi,Delhi,India,33
2475,Aarav Chawla,Nagpur,India,40
2476,Sai Ahuja,Thane,India,28
2477,Abhay Bakshi,Bangalore,India,30
2478,Reyansh Deshpande,Delhi,India,18
2479,Rohit Acharya,Surat,India,16
2480,Rahul Acharya,Hyderabad,India,26
2481,Reyansh Apte,Surat,India,38
2482,Dhruv Acharya,Nagpur,India,42
2483,Aarav Khatri,Pune,India,46
2484,Manish Apte,Delhi,India,35
2485,Vihaan Ahuja,Bangalore,India,41
2486,Vihaan  Banerjee,Delhi,India,20
2487,Vivaan Joshi,Thane,India,35
2488,Manish Acharya,Mumbai,India,49
2489,Manish Apte,Nashik,India,20
2490,Aditya Agarwal,Nashik,India,26
2491,Dhruv Deshpande,Pune,India,39
2492,Sai Iyer,Nagpur,India,24
2493,Ayaan Khatri,Nashik,India,50
2494,Manish Iyer,Mumbai,India,30
2495,Manish Deshpande,Delhi,India,17
2496,Arjun Patel,Nagpur,India,15
2497,Reyansh Ahuja,Nashik,India,28
2498,Abhay  Banerjee,Hyderabad,India,50
2499,Manish Iyer,Surat,India,48
2500,Akshay Chowdhury,Pune,India,15
2501,Vihaan Iyer,Nagpur,India,15
2502,Vihaan Bakshi,Delhi,India,35
2503,Arjun Acharya,Nagpur,India,39
2504,Reyansh Apte,Hyderabad,India,15
2505,Aarav Agarwal,Pune,India,27
2506,Aditya Chawla,Pune,India,33
2507,Aditya Chawla,Thane,India,50
2508,Vivaan Bakshi,Delhi,India,33
2509,Shaurya Agarwal,Nagpur,India,30
2510,Shaurya Joshi,Nagpur,India,26
2511,Sai Ahuja,Delhi,India,39
2512,Aditya Chawla,Thane,India,40
2513,Vivaan Chowdhury,Mumbai,India,26
2514,Vivaan Joshi,Pune,India,24
2515,Rahul Joshi,Nashik,India,16
2516,Arjun Deshpande,Bangalore,India,44
2517,Rohit Joshi,Bangalore,India,41
2518,Aarav Iyer,Mumbai,India,43
2519,Aditya Khatri,Thane,India,32
2520,Vihaan Chawla,Nashik,India,21
2521,Shaurya Deshpande,Pune,India,42
2522,Aarav Ahuja,Nagpur,India,29
2523,Abhay Apte,Surat,India,41
2524,Arjun Deshpande,Mumbai,India,20
2525,Arjun Acharya,Hyderabad,India,44
2526,Arjun Agarwal,Bangalore,India,18
2527,Manish Agarwal,Hyderabad,India,38
2528,Atharva Ahuja,Pune,India,16
2529,Dhruv Acharya,Pune,India,16
2530,Ayaan Chawla,Nashik,India,33
2531,Abhay Acharya,Pune,India,22
2532,Ishaan Ahuja,Hyderabad,India,17
2533,Sai Chowdhury,Thane,India,47
2534,Manish Khatri,Nagpur,India,23
2535,Manish Chowdhury,Surat,India,16
2536,Aarav Khatri,Mumbai,India,23
2537,Shaurya Chawla,Thane,India,47
2538,Vihaan Bakshi,Nashik,India,47
2539,Vihaan Patel,Hyderabad,India,29
2540,Abhay Acharya,Hyderabad,India,41
2541,Aarav Acharya,Hyderabad,India,24
2542,Rahul Ahuja,Hyderabad,India,45
2543,Rahul Khatri,Surat,India,29
2544,Shaurya Khatri,Nashik,India,18
2545,Rahul Agarwal,Hyderabad,India,39
2546,Reyansh Joshi,Mumbai,India,44
2547,Akshay Khatri,Pune,India,40
2548,Shaurya Agarwal,Delhi,India,19
2549,Ishaan Patel,Nagpur,India,33
2550,Aarav Khatri,Thane,India,20
2551,Vivaan Ahuja,Delhi,India,34
2552,Vihaan Iyer,Nashik,India,43
2553,Reyansh Ahuja,Nashik,India,17
2554,Rahul Apte,Delhi,India,27
2555,Abhay Apte,Mumbai,India,16
2556,Vivaan Chawla,Thane,India,22
2557,Dhruv Chowdhury,Pune,India,42
2558,Ishaan Ahuja,Pune,India,40
2559,Shaurya Joshi,Thane,India,30
2560,Ishaan Agarwal,Nashik,India,44
2561,Akshay Bakshi,Nashik,India,18
2562,Rahul  Banerjee,Delhi,India,27
2563,Rohit Iyer,Surat,India,39
2564,Dhruv Khatri,Pune,India,26
2565,Aarav Chawla,Hyderabad,India,18
2566,Ishaan Deshpande,Nagpur,India,39
2567,Atharva Bakshi,Pune,India,35
2568,Ayaan Apte,Thane,India,27
2569,Vivaan Joshi,Delhi,India,45
2570,Atharva  Banerjee,Pune,India,42
2571,Rohit  Banerjee,Nagpur,India,28
2572,Sai  Banerjee,Nashik,India,49
2573,Ishaan Khatri,Thane,India,28
2574,Abhay Apte,Bangalore,India,27
2575,Rahul Iyer,Delhi,India,44
2576,Reyansh Bakshi,Bangalore,India,27
2577,Vihaan Apte,Thane,India,48
2578,Arjun Ahuja,Delhi,India,49
2579,Ayaan Khatri,Surat,India,19
2580,Sai Deshpande,Hyderabad,India,44
2581,Vivaan Deshpande,Mumbai,India,48
2582,Reyansh Ahuja,Bangalore,India,35
2583,Ishaan Patel,Nagpur,India,43
2584,Vivaan Joshi,Hyderabad,India,23
2585,Sai Acharya,Nashik,India,18
2586,Ayaan Patel,Bangalore,India,32
2587,Rahul Chowdhury,Delhi,India,30
2588,Aarav Khatri,Thane,India,16
2589,Vihaan Patel,Nashik,India,49
2590,Shaurya Chowdhury,Delhi,India,42
2591,Ayaan Patel,Delhi,India,19
2592,Reyansh Acharya,Nashik,India,32
2593,Vihaan Ahuja,Mumbai,India,23
2594,Reyansh Chowdhury,Thane,India,50
2595,Ayaan Chowdhury,Hyderabad,India,17
2596,Sai Chowdhury,Hyderabad,India,27
2597,Akshay Iyer,Nashik,India,41
2598,Vihaan Apte,Nagpur,India,46
2599,Atharva Khatri,Bangalore,India,29
2600,Manish Bakshi,Thane,India,46
2601,Shaurya Bakshi,Hyderabad,India,30
2602,Ishaan Joshi,Nagpur,India,23
2603,Aarav Apte,Mumbai,India,23
2604,Ishaan Iyer,Nagpur,India,19
2605,Rohit  Banerjee,Surat,India,35
2606,Rahul Apte,Thane,India,25
2607,Sai Chowdhury,Delhi,India,31
2608,Atharva Chawla,Thane,India,31
2609,Shaurya Apte,Delhi,India,47
2610,Vivaan Acharya,Thane,India,46
2611,Sai Bakshi,Mumbai,India,21
2612,Aditya  Banerjee,Thane,India,25
2613,Atharva Iyer,Thane,India,50
2614,Abhay Khatri,Thane,India,18
2615,Abhay Chawla,Bangalore,India,22
2616,Rahul Patel,Nashik,India,16
2617,Akshay Bakshi,Delhi,India,46
2618,Sai Deshpande,Mumbai,India,35
2619,Aditya Ahuja,Thane,India,26
2620,Rahul Bakshi,Delhi,India,44
2621,Rahul Agarwal,Surat,India,18
2622,Dhruv Agarwal,Surat,India,44
2623,Rahul Khatri,Hyderabad,India,25
2624,Aditya Deshpande,Nashik,India,31
2625,Rohit Bakshi,Mumbai,India,26
2626,Akshay Deshpande,Delhi,India,35
2627,Ishaan Iyer,Pune,India,44
2628,Atharva Deshpande,Nagpur,India,34
2629,Aarav Agarwal,Hyderabad,India,44
2630,Abhay Chawla,Delhi,India,23
2631,Dhruv Iyer,Delhi,India,17
2632,Abhay Agarwal,Pune,India,47
2633,Aditya Ahuja,Pune,India,47
2634,Aditya Chawla,Mumbai,India,32
2635,Akshay Apte,Nashik,India,26
2636,Vivaan Iyer,Hyderabad,India,42
2637,Abhay Patel,Bangalore,India,39
2638,Ayaan Iyer,Surat,India,35
2639,Rohit Iyer,Surat,India,25
2640,Shaurya Chawla,Hyderabad,India,39
2641,Manish Agarwal,Pune,India,45
2642,Manish Bakshi,Bangalore,India,43
2643,Akshay Agarwal,Thane,India,15
2644,Dhruv  Banerjee,Pune,India,38
2645,Shaurya Deshpande,Nagpur,India,19
2646,Reyansh Deshpande,Bangalore,India,17
2647,Vihaan Patel,Nagpur,India,16
2648,Vihaan  Banerjee,Nagpur,India,42
2649,Atharva Chowdhury,Hyderabad,India,21
2650,Aditya Apte,Thane,India,24
2651,Ayaan Khatri,Bangalore,India,36
2652,Akshay Joshi,Hyderabad,India,37
2653,Ishaan Deshpande,Nashik,India,37
2654,Ishaan Agarwal,Pune,India,22
2655,Aarav  Banerjee,Hyderabad,India,29
2656,Vivaan Agarwal,Surat,India,19
2657,Akshay Ahuja,Surat,India,22
2658,Aarav Joshi,Thane,India,37
2659,Shaurya Chawla,Nashik,India,19
2660,Akshay Patel,Bangalore,India,20
2661,Akshay Chawla,Pune,India,37
2662,Rohit Acharya,Nashik,India,19
2663,Ayaan Joshi,Nashik,India,46
2664,Dhruv Chawla,Nagpur,India,24
2665,Aarav Acharya,Pune,India,35
2666,Vivaan Joshi,Thane,India,35
2667,Reyansh Deshpande,Hyderabad,India,27
2668,Dhruv Joshi,Nagpur,India,16
2669,Abhay Apte,Bangalore,India,28
2670,Rohit Bakshi,Surat,India,25
2671,Abhay Ahuja,Surat,India,49
2672,Sai Patel,Bangalore,India,29
2673,Atharva Ahuja,Thane,India,35
2674,Aarav Bakshi,Mumbai,India,28
2675,Atharva Chowdhury,Delhi,India,49
2676,Aditya  Banerjee,Mumbai,India,47
2677,Aditya Chawla,Thane,India,45
2678,Ishaan Khatri,Delhi,India,24
2679,Rohit Joshi,Hyderabad,India,29
2680,Abhay Deshpande,Nagpur,India,15
2681,Abhay Chowdhury,Bangalore,India,25
2682,Atharva Acharya,Delhi,India,23
2683,Sai Joshi,Thane,India,36
2684,Atharva Agarwal,Hyderabad,India,24
2685,Rohit Bakshi,Delhi,India,32
2686,Ayaan Deshpande,Surat,India,47
2687,Ayaan Chowdhury,Mumbai,India,50
2688,Sai Agarwal,Surat,India,20
2689,Dhruv Ahuja,Thane,India,27
2690,Abhay Deshpande,Thane,India,28
2691,Arjun Ahuja,Hyderabad,India,17
2692,Vihaan Bakshi,Surat,India,32
2693,Abhay Agarwal,Surat,India,34
2694,Rohit Deshpande,Pune,India,33
2695,Aarav Joshi,Bangalore,India,40
2696,Arjun Iyer,Pune,India,43
2697,Vivaan Acharya,Pune,India,15
2698,Arjun Khatri,Bangalore,India,38
2699,Manish Agarwal,Nagpur,India,28
2700,Rahul Acharya,Hyderabad,India,38
2701,Vivaan Joshi,Pune,India,34
2702,Aditya Deshpande,Bangalore,India,18
2703,Rahul Bakshi,Delhi,India,50
2704,Aarav Acharya,Nagpur,India,42
2705,Shaurya Chawla,Nashik,India,44
2706,Vihaan Chawla,Thane,India,32
2707,Rahul Acharya,Hyderabad,India,21
2708,Reyansh Iyer,Bangalore,India,16
2709,Aditya Apte,Surat,India,49
2710,Aarav Khatri,Hyderabad,India,43
2711,Akshay Bakshi,Thane,India,31
2712,Ishaan Patel,Pune,India,22
2713,Ishaan Agarwal,Bangalore,India,45
2714,Shaurya Deshpande,Nagpur,India,17
2715,Rohit Joshi,Pune,India,30
2716,Abhay  Banerjee,Hyderabad,India,28
2717,Dhruv Deshpande,Pune,India,20
2718,Aarav Khatri,Pune,India,41
2719,Ishaan Agarwal,Bangalore,India,33
2720,Arjun Bakshi,Pune,India,35
2721,Rahul Joshi,Hyderabad,India,45
2722,Shaurya Patel,Nashik,India,24
2723,Abhay Chawla,Hyderabad,India,38
2724,Ayaan Patel,Bangalore,India,15
2725,Aditya Chawla,Nagpur,India,17
2726,Aarav Joshi,Hyderabad,India,36
2727,Aditya Khatri,Thane,India,26
2728,Rohit Joshi,Thane,India,28
2729,Aditya Chawla,Bangalore,India,21
2730,Manish Chawla,Nashik,India,22
2731,Manish Patel,Surat,India,41
2732,Ayaan Chawla,Surat,India,49
2733,Vihaan Bakshi,Thane,India,24
2734,Vivaan Joshi,Thane,India,17
2735,Vihaan Apte,Nagpur,India,32
2736,Reyansh Deshpande,Mumbai,India,26
2737,Ishaan Agarwal,Nagpur,India,47
2738,Reyansh Patel,Mumbai,India,47
2739,Akshay Bakshi,Delhi,India,22
2740,Ishaan Bakshi,Hyderabad,India,18
2741,Atharva Agarwal,Pune,India,42
2742,Shaurya Chowdhury,Surat,India,15
2743,Ishaan Chawla,Thane,India,21
2744,Abhay Agarwal,Mumbai,India,42
2745,Atharva Joshi,Mumbai,India,50
2746,Akshay Acharya,Hyderabad,India,29
2747,Vihaan Patel,Pune,India,28
2748,Aditya Chawla,Bangalore,India,20
2749,Reyansh Agarwal,Thane,India,43
2750,Reyansh Joshi,Delhi,India,39
2751,Akshay Bakshi,Mumbai,India,26
2752,Dhruv Deshpande,Nashik,India,38
2753,Ayaan Apte,Delhi,India,24
2754,Rahul Acharya,Bangalore,India,37
2755,Shaurya Joshi,Hyderabad,India,41
2756,Reyansh Bakshi,Hyderabad,India,36
2757,Shaurya Joshi,Nashik,India,20
2758,Manish Bakshi,Nashik,India,26
2759,Reyansh Joshi,Hyderabad,India,40
2760,Ayaan  Banerjee,Bangalore,India,29
2761,Vivaan Iyer,Nashik,India,39
2762,Dhruv Iyer,Nashik,India,30
2763,Ayaan Deshpande,Pune,India,49
2764,Akshay Khatri,Nagpur,India,42
2765,Sai Iyer,Thane,India,27
2766,Vihaan Deshpande,Delhi,India,28
2767,Aditya Iyer,Surat,India,18
2768,Rohit Joshi,Nagpur,India,25
2769,Akshay Ahuja,Thane,India,43
2770,Sai Acharya,Nashik,India,35
2771,Rohit Joshi,Mumbai,India,15
2772,Atharva Ahuja,Pune,India,18
2773,Arjun Deshpande,Delhi,India,42
2774,Ishaan Deshpande,Surat,India,36
2775,Atharva Iyer,Nashik,India,16
2776,Dhruv Khatri,Delhi,India,34
2777,Akshay Agarwal,Nagpur,India,15
2778,Vivaan Bakshi,Delhi,India,39
2779,Rohit Khatri,Thane,India,33
2780,Akshay Iyer,Pune,India,32
2781,Abhay Chowdhury,Pune,India,30
2782,Manish Iyer,Pune,India,40
2783,Vivaan Joshi,Nashik,India,16
2784,Rohit Chowdhury,Bangalore,India,18
2785,Atharva Bakshi,Nashik,India,34
2786,Shaurya Ahuja,Bangalore,India,50
2787,Rohit Deshpande,Thane,India,30
2788,Vivaan Iyer,Nagpur,India,26
2789,Aarav Deshpande,Bangalore,India,28
2790,Arjun Apte,Delhi,India,27
2791,Arjun Deshpande,Surat,India,48
2792,Manish Bakshi,Nashik,India,41
2793,Akshay Patel,Nagpur,India,36
2794,Manish Bakshi,Pune,India,33
2795,Rahul Patel,Nashik,India,50
2796,Manish Deshpande,Thane,India,45
2797,Arjun Apte,Hyderabad,India,38
2798,Ayaan Chawla,Thane,India,49
2799,Vivaan Deshpande,Bangalore,India,34
2800,Rahul Chawla,Delhi,India,34
2801,Vihaan Khatri,Mumbai,India,36
2802,Akshay Joshi,Nashik,India,50
2803,Shaurya Agarwal,Bangalore,India,24
2804,Aarav Chawla,Nagpur,India,49
2805,Manish Patel,Pune,India,29
2806,Shaurya Acharya,Hyderabad,India,24
2807,Arjun Apte,Surat,India,41
2808,Aditya Acharya,Thane,India,41
2809,Dhruv Chowdhury,Surat,India,41
2810,Vivaan Chowdhury,Delhi,India,18
2811,Akshay  Banerjee,Delhi,India,40
2812,Rahul Iyer,Mumbai,India,19
2813,Ayaan Agarwal,Delhi,India,26
2814,Manish Agarwal,Delhi,India,35
2815,Sai Patel,Nagpur,India,45
2816,Vihaan Khatri,Surat,India,28
2817,Atharva Khatri,Hyderabad,India,23
2818,Aditya Chawla,Hyderabad,India,45
2819,Rahul Joshi,Mumbai,India,25
2820,Vivaan Joshi,Nagpur,India,33
2821,Rahul Bakshi,Pune,India,48
2822,Rahul Chawla,Thane,India,16
2823,Ayaan Khatri,Hyderabad,India,45
2824,Abhay Khatri,Nagpur,India,45
2825,Dhruv Khatri,Surat,India,16
2826,Vihaan Chowdhury,Nashik,India,27
2827,Dhruv Acharya,Thane,India,22
2828,Vihaan Agarwal,Delhi,India,36
2829,Dhruv Deshpande,Hyderabad,India,28
2830,Reyansh Joshi,Nashik,India,30
2831,Abhay Apte,Hyderabad,India,32
2832,Arjun Patel,Bangalore,India,35
2833,Vihaan Iyer,Nashik,India,43
2834,Akshay Chawla,Bangalore,India,19
2835,Ishaan Chawla,Pune,India,41
2836,Akshay Ahuja,Bangalore,India,30
2837,Atharva Bakshi,Hyderabad,India,46
2838,Arjun Khatri,Nashik,India,41
2839,Shaurya Khatri,Surat,India,23
2840,Sai Agarwal,Pune,India,27
2841,Dhruv Chowdhury,Hyderabad,India,50
2842,Shaurya Deshpande,Surat,India,47
2843,Shaurya  Banerjee,Mumbai,India,30
2844,Aditya Iyer,Thane,India,23
2845,Vivaan Patel,Nagpur,India,41
2846,Arjun Khatri,Delhi,India,30
2847,Atharva Patel,Nagpur,India,24
2848,Manish Iyer,Nagpur,India,15
2849,Vihaan Patel,Nashik,India,28
2850,Reyansh  Banerjee,Nashik,India,38
2851,Atharva Patel,Nagpur,India,48
2852,Vivaan Joshi,Thane,India,43
2853,Ayaan Deshpande,Delhi,India,30
2854,Abhay Joshi,Mumbai,India,42
2855,Atharva  Banerjee,Delhi,India,40
2856,Rohit Joshi,Bangalore,India,40
2857,Reyansh Apte,Thane,India,46
2858,Vivaan Patel,Bangalore,India,37
2859,Shaurya Bakshi,Thane,India,47
2860,Reyansh Bakshi,Thane,India,42
2861,Rahul Ahuja,Bangalore,India,17
2862,Rohit Ahuja,Pune,India,49
2863,Ayaan Ahuja,Hyderabad,India,43
2864,Abhay Bakshi,Mumbai,India,45
2865,Atharva Agarwal,Surat,India,38
2866,Vihaan Deshpande,Nashik,India,26
2867,Vihaan Chowdhury,Nashik,India,42
2868,Reyansh Chowdhury,Thane,India,24
2869,Manish Iyer,Hyderabad,India,21
2870,Akshay  Banerjee,Thane,India,47
2871,Ayaan Agarwal,Surat,India,46
2872,Reyansh  Banerjee,Surat,India,42
2873,Akshay Khatri,Mumbai,India,34
2874,Dhruv Acharya,Nashik,India,25
2875,Aarav  Banerjee,Nashik,India,35
2876,Ayaan Agarwal,Nagpur,India,30
2877,Manish Bakshi,Pune,India,50
2878,Aarav Deshpande,Thane,India,29
2879,Rohit Agarwal,Delhi,India,32
2880,Dhruv Bakshi,Pune,India,37
2881,Vihaan Apte,Surat,India,43
2882,Dhruv Chawla,Nagpur,India,15
2883,Akshay Ahuja,Delhi,India,19
2884,Ayaan Joshi,Surat,India,32
2885,Ishaan Iyer,Surat,India,49
2886,Aarav Bakshi,Mumbai,India,24
2887,Atharva Agarwal,Nashik,India,33
2888,Shaurya Deshpande,Hyderabad,India,27
2889,Atharva Agarwal,Bangalore,India,46
2890,Aditya Joshi,Pune,India,27
2891,Sai Iyer,Thane,India,47
2892,Vivaan Acharya,Thane,India,42
2893,Aditya Chawla,Surat,India,41
2894,Reyansh Chawla,Nagpur,India,18
2895,Vihaan Ahuja,Mumbai,India,48
2896,Manish Khatri,Surat,India,22
2897,Rohit Chawla,Mumbai,India,32
2898,Manish Joshi,Surat,India,16
2899,Atharva Patel,Hyderabad,India,15
2900,Reyansh Khatri,Surat,India,24
2901,Vihaan Chowdhury,Hyderabad,India,35
2902,Vivaan Chowdhury,Hyderabad,India,38
2903,Aditya Ahuja,Hyderabad,India,29
2904,Sai Iyer,Thane,India,38
2905,Abhay Khatri,Thane,India,20
2906,Akshay Apte,Delhi,India,32
2907,Sai Apte,Bangalore,India,46
2908,Akshay Apte,Mumbai,India,36
2909,Aarav Chawla,Mumbai,India,43
2910,Aarav Chowdhury,Nashik,India,31
2911,Vivaan Patel,Mumbai,India,19
2912,Aarav Iyer,Nagpur,India,37
2913,Manish Apte,Mumbai,India,46
2914,Rahul Joshi,Surat,India,18
2915,Ayaan Iyer,Nashik,India,38
2916,Abhay Chawla,Hyderabad,India,40
2917,Abhay Deshpande,Pune,India,38
2918,Vivaan Bakshi,Nashik,India,45
2919,Aditya Bakshi,Delhi,India,15
2920,Rohit Joshi,Delhi,India,22
2921,Reyansh Khatri,Thane,India,35
2922,Arjun Chowdhury,Hyderabad,India,24
2923,Arjun Acharya,Nagpur,India,29
2924,Akshay Joshi,Surat,India,45
2925,Sai  Banerjee,Pune,India,17
2926,Ishaan Bakshi,Nashik,India,27
2927,Shaurya Deshpande,Thane,India,38
2928,Ishaan Acharya,Mumbai,India,39
2929,Atharva Acharya,Bangalore,India,48
2930,Akshay Apte,Hyderabad,India,41
2931,Aditya Ahuja,Delhi,India,23
2932,Rohit Ahuja,Mumbai,India,47
2933,Vihaan Chowdhury,Bangalore,India,23
2934,Aditya Chowdhury,Bangalore,India,27
2935,Dhruv Patel,Nashik,India,25
2936,Arjun Iyer,Pune,India,26
2937,Aarav Ahuja,Surat,India,27
2938,Shaurya Acharya,Pune,India,19
2939,Aditya Iyer,Delhi,India,30
2940,Atharva Bakshi,Nagpur,India,25
2941,Ayaan Joshi,Nagpur,India,37
2942,Akshay Patel,Bangalore,India,50
2943,Rahul Apte,Thane,India,42
2944,Ayaan  Banerjee,Delhi,India,26
2945,Manish Chowdhury,Delhi,India,17
2946,Aditya Chawla,Nashik,India,37
2947,Abhay Apte,Pune,India,43
2948,Sai Iyer,Surat,India,43
2949,Arjun Chawla,Surat,India,20
2950,Vihaan Patel,Nagpur,India,24
2951,Abhay Joshi,Thane,India,47
2952,Ishaan Deshpande,Pune,India,29
2953,Shaurya Joshi,Bangalore,India,33
2954,Akshay Joshi,Nagpur,India,34
2955,Sai Chawla,Pune,India,50
2956,Abhay Bakshi,Surat,India,49
2957,Ayaan Acharya,Mumbai,India,29
2958,Sai Apte,Bangalore,India,20
2959,Ayaan Patel,Pune,India,49
2960,Ishaan Bakshi,Hyderabad,India,19
2961,Ayaan Khatri,Pune,India,43
2962,Rahul Agarwal,Mumbai,India,39
2963,Shaurya  Banerjee,Mumbai,India,35
2964,Sai Iyer,Thane,India,48
2965,Manish Chawla,Pune,India,48
2966,Aarav Khatri,Hyderabad,India,41
2967,Ishaan Patel,Hyderabad,India,16
2968,Ayaan Ahuja,Thane,India,20
2969,Reyansh Joshi,Hyderabad,India,36
2970,Aditya Patel,Hyderabad,India,31
2971,Dhruv  Banerjee,Thane,India,18
2972,Rohit Joshi,Bangalore,India,45
2973,Rohit Iyer,Hyderabad,India,46
2974,Ayaan Acharya,Mumbai,India,37
2975,Ayaan Patel,Thane,India,43
2976,Ayaan Chawla,Nashik,India,36
2977,Atharva Deshpande,Delhi,India,49
2978,Aarav Chowdhury,Mumbai,India,45
2979,Manish Joshi,Pune,India,37
2980,Vivaan Chowdhury,Nashik,India,44
2981,Shaurya  Banerjee,Bangalore,India,30
2982,Ayaan Iyer,Hyderabad,India,16
2983,Shaurya Bakshi,Hyderabad,India,42
2984,Ishaan Iyer,Surat,India,39
2985,Vihaan Deshpande,Nagpur,India,44
2986,Ayaan Deshpande,Bangalore,India,35
2987,Shaurya Bakshi,Bangalore,India,30
2988,Aditya Chawla,Pune,India,16
2989,Sai Ahuja,Hyderabad,India,50
2990,Atharva Deshpande,Hyderabad,India,40
2991,Dhruv Chawla,Bangalore,India,43
2992,Abhay Iyer,Bangalore,India,23
2993,Aditya Agarwal,Surat,India,41
2994,Vivaan Bakshi,Nagpur,India,16
2995,Manish Ahuja,Nagpur,India,16
2996,Vihaan Bakshi,Surat,India,39
2997,Rahul Chawla,Pune,India,21
2998,Ishaan Bakshi,Nagpur,India,42
2999,Rohit Chowdhury,Surat,India,24
